Link Name,Center of Mass X,Center of Mass Y,Center of Mass Z,Center of Mass Roll,Center of Mass Pitch,Center of Mass Yaw,Mass,Moment Ixx,Moment Ixy,Moment Ixz,Moment Iyy,Moment Iyz,Moment Izz,Visual X,Visual Y,Visual Z,Visual Roll,Visual Pitch,Visual Yaw,Mesh Filename,Color Red,Color Green,Color Blue,Color Alpha,Collision X,Collision Y,Collision Z,Collision Roll,Collision Pitch,Collision Yaw,Collision Mesh Filename,Material Name,SW Components,Coordinate System,Axis Name,Joint Name,Joint Type,Joint Origin X,Joint Origin Y,Joint Origin Z,Joint Origin Roll,Joint Origin Pitch,Joint Origin Yaw,Parent,Joint Axis X,Joint Axis Y,Joint Axis Z,Limit Effort,Limit Velocity,Limit Lower,Limit Upper,Calibration rising,Calibration falling,Dynamics Damping,Dynamics Friction,Safety Soft Upper,Safety Soft Lower,Safety K Position,Safety K Velocity
base_link,4.93758278074925E-08,-0.000963854103794292,-1.29602977908191E-08,0,0,0,0.408167030622324,0.00181606571331731,-1.37257474282651E-09,6.54750403127271E-11,0.00192798003270424,3.69542219056844E-10,0.00182021309164197,0,0,0,0,0,0,package://new6/meshes/base_link.STL,0.792156862745098,0.819607843137255,0.933333333333333,1,0,0,0,0,0,0,package://new6/meshes/base_link.STL,,sphere-1,Origin_global,,,,0,0,0,0,0,0,,0,0,0,,,,,,,,,,,,
snakecenter,-0.000992336961334665,-2.66302932535646E-08,0.000992461110330166,0,0,0,0.0425039776619642,0.000101231291495285,-2.00273093057512E-05,-4.9726498430823E-05,0.000183841164295216,-2.00272447992495E-05,0.000101231493891981,0,0,0,0,0,0,package://new6/meshes/snakecenter.STL,0.792156862745098,0.819607843137255,0.933333333333333,1,0,0,0,0,0,0,package://new6/meshes/snakecenter.STL,,snakenew-1,Origin_fixed-snakecenter,Axis_fixed-snakecenter,fixed-snakecenter,fixed,0,0,0,-3.14159265358979,0,0,base_link,0,0,0,,,,,,,,,,,,
forwardlink,0.0301225564829133,0.000499999999999991,-0.0422174004571836,0,0,0,0.00735045329084228,1.81077769748968E-05,2.463565551489E-10,2.51553052984245E-06,5.35077381541817E-06,1.75782076358943E-10,1.63776501576339E-05,0,0,0,0,0,0,package://new6/meshes/forwardlink.STL,0.792156862745098,0.819607843137255,0.933333333333333,1,0,0,0,0,0,0,package://new6/meshes/forwardlink.STL,,Part1-1,Origin_revolforwardlink,Axis_revolforwardlink,revolforwardlink,revolute,0,0,0,-3.1416,1.0403,-1.5708,snakecenter,0,1,0,0,0,-0.4,0.4,,,,,,,,
forwardwheel,3.23080064703677E-10,-1.8192921297343E-05,-0.00943873829368157,0,0,0,0.0513307608083706,6.23756415206153E-06,6.31883967037373E-13,-8.03909337042535E-14,6.24036763662348E-06,8.81424017254524E-09,2.46052972848733E-06,0,0,0,0,0,0,package://new6/meshes/forwardwheel.STL,0.776470588235294,0.756862745098039,0.737254901960784,1,0,0,0,0,0,0,package://new6/meshes/forwardwheel.STL,,Wheel - Copy-1,Origin_forward_wheel,,forward_wheel,fixed,0,0.03665,0,1.5708,0.031662,0,forwardlink,0,0,0,,,,,,,,,,,,
backlink,0.0443968225246774,0.000500000000000027,-0.0224096713780709,0,0,0,0.00682954881649521,1.55166933323439E-05,-4.76723247697718E-22,1.96280086786972E-06,4.9076989885146E-06,-1.70840665148528E-21,1.84145473684765E-05,0,0,0,0,0,0,package://new6/meshes/backlink.STL,0.792156862745098,0.819607843137255,0.933333333333333,1,0,0,0,0,0,0,package://new6/meshes/backlink.STL,,Part2-1,Origin_revolbacklink,Axis_revolbacklink,revolbacklink,revolute,0,0,0,-1.5708,0,2.0414,snakecenter,0,1,0,0,0,-0.4,0.4,,,,,,,,
backwheel,3.23080274509875E-10,-1.8192921297667E-05,-0.00943873829368157,0,0,0,0.0513307608083706,6.23756415206154E-06,6.31883966825615E-13,-8.03909333664917E-14,6.24036763662349E-06,8.81424017254595E-09,2.46052972848733E-06,0,0,0,0,0,0,package://new6/meshes/backwheel.STL,0.776470588235294,0.756862745098039,0.737254901960784,1,0,0,0,0,0,0,package://new6/meshes/backwheel.STL,,Wheel - Copy-2,Origin_back_wheel,,back_wheel,fixed,0,-0.03565,0,1.5708,-1.4653,3.1416,backlink,0,0,0,,,,,,,,,,,,
servo1,0.0126351655615939,5.11480815340581E-09,-0.00186773969803003,0,0,0,0.0426720159099158,3.5455285747115E-06,9.86423281875691E-12,3.27236297098002E-08,8.69407477139647E-06,1.0558644176423E-13,9.97163862356276E-06,0,0,0,0,0,0,package://new6/meshes/servo1.STL,0.792156862745098,0.819607843137255,0.933333333333333,1,0,0,0,0,0,0,package://new6/meshes/servo1.STL,,AX-12A.STEP-2/AX-12A-03.STEP-1;AX-12A.STEP-2/AX-12A-01.STEP-1;AX-12A.STEP-2/AX-12A-02.STEP-1;AX-12A.STEP-2/AX-12A-04.STEP-1,Origin_servo_1,Axis_servo_1,servo_1,fixed,-0.016436,0,-0.045422,1.5708,0,0,snakecenter,0,0,0,,,,,,,,,,,,
servogear1,-2.28493641660221E-07,1.28457465255194E-07,-0.00249999999999993,0,0,0,0.0229392451103528,1.23411409800477E-06,-6.73304425129634E-16,1.80050656156071E-21,1.23414502362375E-06,2.54968156597138E-22,2.37267893366871E-06,0,0,0,0,0,0,package://new6/meshes/servogear1.STL,0.529411764705882,0.549019607843137,0.549019607843137,1,0,0,0,0,0,0,package://new6/meshes/servogear1.STL,,gear-3,Origin_servogear_1,Axis_servogear_1,servogear_1,fixed,0,0,-0.0217,0,0,-2.6772,servo1,0,0,0,,,,,,,,,,,,
worm1,0.000639387236253773,0.000172458154838198,-2.32515471945693E-08,0,0,0,0.121235804587115,8.08011197391356E-06,1.51400309178567E-09,1.81878466363578E-07,1.79367272329267E-05,-3.32975314047347E-11,1.78153563376774E-05,0,0,0,0,0,0,package://new6/meshes/worm1.STL,0.776470588235294,0.756862745098039,0.737254901960784,1,0,0,0,0,0,0,package://new6/meshes/worm1.STL,,Shaft-2;Bearing4mm-1,Origin_wormgear_1,Axis_revolforwardlink,worm_1,fixed,-0.037584,0.0025,-0.026752,0.90988,0,-1.5708,snakecenter,0,0,0,,,,,,,,,,,,
wormgear1,-2.28493640661021E-07,1.28457465650711E-07,-2.94902990916057E-16,0,0,0,0.0229392451103528,1.23411409800477E-06,-6.73304372190075E-16,3.37374021122231E-21,1.23414502362374E-06,-2.60901593097405E-22,2.37267893366871E-06,0,0,0,0,0,0,package://new6/meshes/wormgear1.STL,0.529411764705882,0.549019607843137,0.549019607843137,1,0,0,0,0,0,0,package://new6/meshes/wormgear1.STL,,gear-2,Origin_wormgear_13,,wormgear_1,fixed,-0.0225,0,0,1.5708,1.5708,1.5708,worm1,0,0,0,,,,,,,,,,,,
servo2,0.0126351655499239,-5.12541595276694E-09,0.00116773971794094,0,0,0,0.0426720159714346,3.54552857881068E-06,-9.86983936979061E-12,-3.27236291680474E-08,8.69407478287123E-06,1.06112892633734E-13,9.97163863900958E-06,0,0,0,0,0,0,package://new6/meshes/servo2.STL,0.501960784313725,0.501960784313725,0.501960784313725,1,0,0,0,0,0,0,package://new6/meshes/servo2.STL,,AX-12A.STEP-1/AX-12A-01.STEP-1;AX-12A.STEP-1/AX-12A-02.STEP-1;AX-12A.STEP-1/AX-12A-03.STEP-1;AX-12A.STEP-1/AX-12A-04.STEP-1,Origin_servo_2,,servo_2,fixed,0.045422,-0.0013,0.016436,-1.5708,1.4324,-3.1416,snakecenter,0,0,0,,,,,,,,,,,,
servogear2,-0.0271935521667766,0.00750532326359261,-0.00249999999999993,0,0,0,0.0229392451103528,1.23411409800477E-06,-6.73305007464786E-16,3.9006559472775E-21,1.23414502362375E-06,1.18141399356405E-21,2.37267893366871E-06,0,0,0,0,0,0,package://new6/meshes/servogear2.STL,0.529411764705882,0.549019607843137,0.549019607843137,1,0,0,0,0,0,0,package://new6/meshes/servogear2.STL,,gear-4,Origin_servogear_2,Axis_servogear_2,servogear_2,fixed,-0.01837,-0.021409,0.021,3.1416,0,-2.5492,servo2,0,0,0,,,,,,,,,,,,
worm2,0.000639389744329939,-0.000170367946855543,-2.67567710142344E-05,0,0,0,0.121235829941946,8.08011342746826E-06,2.6753272197058E-08,-1.79917054794601E-07,1.79338284510542E-05,1.85912445408004E-08,1.78182650424968E-05,0,0,0,0,0,0,package://new6/meshes/worm2.STL,0.776470588235294,0.756862745098039,0.737254901960784,1,0,0,0,0,0,0,package://new6/meshes/worm2.STL,,Shaft-1;Bearing4mm-2,Origin_worm_2,,worm_2,fixed,0.026752,-0.0025,0.037584,1.4928,0,1.5708,snakecenter,0,0,0,,,,,,,,,,,,
wormgear2,-2.28493641660221E-07,1.28457465143304E-07,0.0027,0,0,0,0.0229392451103528,1.23411409800477E-06,-6.73304425129634E-16,3.05052904111319E-21,1.23414502362375E-06,-1.34417822270235E-22,2.37267893366871E-06,0,0,0,0,0,0,package://new6/meshes/wormgear2.STL,0.529411764705882,0.549019607843137,0.549019607843137,1,0,0,0,0,0,0,package://new6/meshes/wormgear2.STL,,gear-1,Origin_wormgear_2,,wormgear_2,fixed,-0.0198,0,0,1.5708,0.83284,-1.5708,worm2,0,0,0,,,,,,,,,,,,
